new_time,avg
2021-06-25 15:47:00+03,33846.4567
2021-06-25 15:47:30+03,33916.1856
2021-06-25 15:48:00+03,33866.0833
2021-06-25 15:48:30+03,33866.0833
2021-06-25 15:49:00+03,33836.3497
2021-06-25 15:49:30+03,33826.545
2021-06-25 15:50:00+03,33879.0732
2021-06-25 15:50:30+03,33866.4667
2021-06-25 15:51:00+03,33904.3322
2021-06-25 15:51:30+03,33890.0955
2021-06-25 15:52:00+03,33868.9583
2021-06-25 15:52:30+03,33880.653
2021-06-25 15:53:00+03,33814.4717
2021-06-25 15:53:30+03,33858.9363
2021-06-25 15:54:00+03,33831.355
2021-06-25 15:54:30+03,33886.2273
2021-06-25 15:55:00+03,33872.4683
2021-06-25 15:55:30+03,33894.6769
2021-06-25 15:56:00+03,33864.78
2021-06-25 15:56:30+03,33848.9495
2021-06-25 15:57:00+03,33801.665
2021-06-25 15:58:00+03,33773.5435
2021-06-25 15:58:30+03,33740.345
2021-06-25 15:59:00+03,33804.1676
2021-06-25 15:59:30+03,33755.435
2021-06-25 16:00:00+03,33755.6653
2021-06-25 16:00:30+03,33720.5217
2021-06-25 16:01:00+03,33715.3609
2021-06-25 16:01:30+03,33782.5917
2021-06-25 16:02:00+03,33838.8365
2021-06-25 16:02:30+03,33819.7817
2021-06-25 16:03:00+03,33817.5316
2021-06-25 16:03:30+03,33814.8083
2021-06-25 16:04:00+03,33850.7687
2021-06-25 16:04:30+03,33790.8583
2021-06-25 16:05:00+03,33834.1264
2021-06-25 16:05:30+03,33801.345
2021-06-25 16:06:00+03,33814.9519
2021-06-25 16:06:30+03,33774.55
2021-06-25 16:07:00+03,33834.0829
2021-06-25 16:07:30+03,33814.6617
2021-06-25 16:08:00+03,33844.3339
2021-06-25 16:08:30+03,33800.9733
2021-06-25 16:09:00+03,33801.7716
2021-06-25 16:09:30+03,33747.18
2021-06-25 16:10:00+03,33788.808
2021-06-25 16:10:30+03,33761.0317
2021-06-25 16:11:00+03,33793.9243
2021-06-25 16:11:30+03,33764.685
2021-06-25 16:12:00+03,33833.5229
2021-06-25 16:12:30+03,33809.8617
2021-06-25 16:13:00+03,33840.2318
2021-06-25 16:13:30+03,33804.5717
2021-06-25 16:14:00+03,33860.5332
2021-06-25 16:14:30+03,33829.425
2021-06-25 16:15:00+03,33864.5976
2021-06-25 16:15:30+03,33825.325
2021-06-25 16:16:00+03,33905.9998
2021-06-25 16:16:30+03,33875.58
2021-06-25 16:17:00+03,33928.121
2021-06-25 16:17:30+03,33896.745
2021-06-25 16:18:00+03,33919.125
2021-06-25 16:18:30+03,33880.7917
2021-06-25 16:19:00+03,33852.7467
2021-06-25 16:19:30+03,33849.7989
2021-06-25 16:20:00+03,33772.195
2021-06-25 16:20:30+03,33820.6794
2021-06-25 16:21:00+03,33738.33
2021-06-25 16:21:30+03,33758.3862
2021-06-25 16:22:00+03,33759.065
2021-06-25 16:22:30+03,33820.6156
2021-06-25 16:23:00+03,33775.2883
2021-06-25 16:23:30+03,33825.049
2021-06-25 16:24:00+03,33795.0867
2021-06-25 16:24:30+03,33807.2558
2021-06-25 16:25:30+03,33759.6333
2021-06-25 16:26:00+03,33795.6416
2021-06-25 16:26:30+03,33763.9667
2021-06-25 16:27:00+03,33773.3954
2021-06-25 16:27:30+03,33736.9867
2021-06-25 16:28:00+03,33730.3455
2021-06-25 16:28:30+03,33709.2817
2021-06-25 16:29:00+03,33763.9329
2021-06-25 16:29:30+03,33718.0733
2021-06-25 16:30:00+03,33699.008
2021-06-25 16:30:30+03,33652.4333
2021-06-25 16:31:00+03,33680.9786
2021-06-25 16:31:30+03,33669.16
2021-06-25 16:32:00+03,33677.0069
2021-06-25 16:32:30+03,33636.8083
2021-06-25 16:33:00+03,33689.2888
2021-06-25 16:33:30+03,33668.7333
2021-06-25 16:34:00+03,33738.763
2021-06-25 16:34:30+03,33699.58
2021-06-25 16:35:00+03,33757.4434
2021-06-25 16:35:30+03,33736.6633
2021-06-25 16:36:00+03,33749.2058
2021-06-25 16:36:30+03,33720.2517
2021-06-25 16:37:00+03,33733.2775
2021-06-25 16:37:30+03,33723.525
2021-06-25 16:38:00+03,33746.5833
2021-06-25 16:38:30+03,33775.233
2021-06-25 16:39:00+03,33775.233
2021-06-25 16:39:30+03,33742.9
2021-06-25 16:40:00+03,33781.7267
2021-06-25 16:40:30+03,33709.4833
2021-06-25 16:41:00+03,33706.3657
2021-06-25 16:41:30+03,33635.4733
2021-06-25 16:42:00+03,33550.8433
2021-06-25 16:42:30+03,33629.0086
2021-06-25 16:43:00+03,33558.3233
2021-06-25 16:43:30+03,33600.9628
2021-06-25 16:44:00+03,33554.42
2021-06-25 16:44:30+03,33569.618
2021-06-25 16:45:00+03,33564.6267
2021-06-25 16:45:30+03,33583.3255
2021-06-25 16:46:00+03,33581.6417
2021-06-25 16:46:30+03,33650.5388
2021-06-25 16:47:00+03,33611.3633
2021-06-25 16:47:30+03,33658.3223
2021-06-25 16:48:30+03,33641.225
2021-06-25 16:49:00+03,33691.4479
2021-06-25 16:49:30+03,33655.9867
2021-06-25 16:50:00+03,33675.3614
2021-06-25 16:50:30+03,33643.4417
2021-06-25 16:51:00+03,33653.7308
2021-06-25 16:51:30+03,33612.2683
2021-06-25 16:52:00+03,33621.0267
2021-06-25 16:52:30+03,33563.7483
2021-06-25 16:53:00+03,33636.6577
2021-06-25 16:53:30+03,33617.435
2021-06-25 16:54:00+03,33635.6854
2021-06-25 16:54:30+03,33578.7567
2021-06-25 16:55:00+03,33616.408
2021-06-25 16:55:30+03,33624.5183
2021-06-25 16:56:00+03,33679.9188
2021-06-25 16:56:30+03,33683.9989
2021-06-25 16:57:00+03,33658.7533
2021-06-25 16:57:30+03,33694.9348
2021-06-25 16:58:00+03,33694.9348
2021-06-25 16:58:30+03,33738.9881
2021-06-25 16:59:00+03,33707.6683
2021-06-25 16:59:30+03,33764.5273
2021-06-25 17:00:00+03,33720.93
2021-06-25 17:00:30+03,33684.94505
2021-06-25 17:01:00+03,33715.925
2021-06-25 17:01:30+03,33766.10515
2021-06-25 17:02:00+03,33776.07
2021-06-25 17:02:30+03,33768.39165
2021-06-25 17:03:00+03,33791.44335
2021-06-25 17:03:30+03,33783.62
2021-06-25 17:04:00+03,33810.28325
2021-06-25 17:04:30+03,33798.14415
2021-06-25 17:05:00+03,33837.9233
2021-06-25 17:05:30+03,33794.26835
2021-06-25 17:06:00+03,33783.7257
2021-06-25 17:06:30+03,33782.87335
2021-06-25 17:07:00+03,33822.00745
2021-06-25 17:07:30+03,33806.34585
2021-06-25 17:08:00+03,33844.4916
2021-06-25 17:08:30+03,33830.0425
2021-06-25 17:09:00+03,33846.43855
2021-06-25 17:09:30+03,33824.34665
2021-06-25 17:10:00+03,33837.3273
2021-06-25 17:10:30+03,33797.70335
2021-06-25 17:11:00+03,33802.3233
2021-06-25 17:11:30+03,33757.6925
2021-06-25 17:12:00+03,33761.7582
2021-06-25 17:12:30+03,33734.10415
2021-06-25 17:13:00+03,33723.703
2021-06-25 17:13:30+03,33693.4725
2021-06-25 17:14:00+03,33705.99615
2021-06-25 17:14:30+03,33639.52165
2021-06-25 17:15:00+03,33624.44805
2021-06-25 17:15:30+03,33631.044
2021-06-25 17:16:00+03,33604.2375
2021-06-25 17:16:30+03,33648.78745
2021-06-25 17:17:00+03,33616.5225
2021-06-25 17:17:30+03,33629.0815
2021-06-25 17:18:00+03,33605.6725
2021-06-25 17:18:30+03,33611.2863
2021-06-25 17:19:00+03,33532.66
2021-06-25 17:19:30+03,33534.18195
2021-06-25 17:20:00+03,33477.3275
2021-06-25 17:20:30+03,33495.191
2021-06-25 17:21:00+03,33465.18415
2021-06-25 17:21:30+03,33450.04765
2021-06-25 17:22:00+03,33426.67
2021-06-25 17:22:30+03,33429.8175
2021-06-25 17:23:00+03,33467.8767
2021-06-25 17:23:30+03,33459.915
2021-06-25 17:24:00+03,33507.28115
2021-06-25 17:24:30+03,33478.09915
2021-06-25 17:25:00+03,33513.78335
2021-06-25 17:25:30+03,33507.45135
2021-06-25 17:26:00+03,33512.1
2021-06-25 17:26:30+03,33501.24665
2021-06-25 17:27:00+03,33542.87935
2021-06-25 17:27:30+03,33516.8575
2021-06-25 17:28:00+03,33534.3963
2021-06-25 17:28:30+03,33515.32715
2021-06-25 17:29:00+03,33485.17915
2021-06-25 17:29:30+03,33483.73
2021-06-25 17:30:00+03,33456.3425
2021-06-25 17:30:30+03,33400.04
2021-06-25 17:31:00+03,33405.78785
2021-06-25 17:31:30+03,33441.93585
2021-06-25 17:32:00+03,33482.37415
2021-06-25 17:32:30+03,33492.8631
2021-06-25 17:33:00+03,33451.19165
2021-06-25 17:33:30+03,33452.48
2021-06-25 17:34:00+03,33447.05
2021-06-25 17:34:30+03,33428.82915
2021-06-25 17:35:00+03,33472.60265
2021-06-25 17:35:30+03,33505.6923
2021-06-25 17:36:00+03,33481.6025
2021-06-25 17:36:30+03,33497.215
2021-06-25 17:37:00+03,33488.13
2021-06-25 17:37:30+03,33455.28335
2021-06-25 17:38:00+03,33477.50545
2021-06-25 17:38:30+03,33474.3625
2021-06-25 17:39:00+03,33489.58245
2021-06-25 17:39:30+03,33448.64675
2021-06-25 17:40:00+03,33399.97835
2021-06-25 17:40:30+03,33435.4616
2021-06-25 17:41:00+03,33412.79585
2021-06-25 17:41:30+03,33385.0183
2021-06-25 17:42:00+03,33354.37
2021-06-25 17:42:30+03,33356.69665
2021-06-25 17:43:00+03,33389.1619
2021-06-25 17:43:30+03,33375.8875
2021-06-25 17:44:00+03,33398.68805
2021-06-25 17:44:30+03,33425.53065
2021-06-25 17:45:00+03,33432.39915
2021-06-25 17:45:30+03,33437.72625
2021-06-25 17:46:00+03,33438.5075
2021-06-25 17:46:30+03,33485.93
2021-06-25 17:47:00+03,33468.25155
2021-06-25 17:47:30+03,33432.98585
2021-06-25 17:48:00+03,33424.376
2021-06-25 17:48:30+03,33386.58415
2021-06-25 17:49:00+03,33375.60285
2021-06-25 17:49:30+03,33371.24015
2021-06-25 17:50:00+03,33298.45835
2021-06-25 17:50:30+03,33403.6
2021-06-25 17:51:00+03,33433.77015
2021-06-25 17:51:30+03,33367.34585
2021-06-25 17:52:00+03,33384.6444
2021-06-25 17:52:30+03,33334.00585
2021-06-25 17:53:00+03,33351.0328
2021-06-25 17:53:30+03,33332.31325
2021-06-25 17:54:00+03,33298.94835
2021-06-25 17:54:30+03,33317.74
2021-06-25 17:55:00+03,33296.69615
2021-06-25 17:55:30+03,33274.19
2021-06-25 17:56:00+03,33297.1518
2021-06-25 17:56:30+03,33246.99665
2021-06-25 17:57:00+03,33263.086
2021-06-25 17:57:30+03,33281.93005
2021-06-25 17:58:00+03,33260.4075
2021-06-25 17:58:30+03,33316.2
2021-06-25 17:59:00+03,33337.0765
2021-06-25 17:59:30+03,33285.45835
2021-06-25 18:00:00+03,33290.47115
2021-06-25 18:00:30+03,33262.78915
2021-06-25 18:01:00+03,33325.3025
2021-06-25 18:01:30+03,33379.3514
2021-06-25 18:02:00+03,33333.55665
2021-06-25 18:02:30+03,33292.12
2021-06-25 18:03:00+03,33249.07525
2021-06-25 18:03:30+03,33204.44835
2021-06-25 18:04:00+03,33208.9549
2021-06-25 18:04:30+03,33171.055
2021-06-25 18:05:00+03,33174.86415
2021-06-25 18:05:30+03,33186.421
2021-06-25 18:06:00+03,33188.72
2021-06-25 18:06:30+03,33167.86
2021-06-25 18:07:00+03,33225.70955
2021-06-25 18:07:30+03,33228.12585
2021-06-25 18:08:00+03,33282.02455
2021-06-25 18:08:30+03,33262.26415
2021-06-25 18:09:00+03,33318.31905
2021-06-25 18:09:30+03,33377.72905
2021-06-25 18:10:00+03,33391.91835
2021-06-25 18:10:30+03,33423.49
2021-06-25 18:11:00+03,33405.7601
2021-06-25 18:11:30+03,33404.4325
2021-06-25 18:12:00+03,33469.2435
2021-06-25 18:12:30+03,33478.64905
2021-06-25 18:13:00+03,33453.29415
2021-06-25 18:13:30+03,33429.7221
2021-06-25 18:14:00+03,33429.66335
2021-06-25 18:14:30+03,33491.08
2021-06-25 18:15:00+03,33470.73225
2021-06-25 18:15:30+03,33402.45
2021-06-25 18:16:00+03,33382.96395
2021-06-25 18:16:30+03,33363.00385
2021-06-25 18:17:00+03,33400.94085
2021-06-25 18:17:30+03,33486.24915
2021-06-25 18:18:00+03,33524.85
2021-06-25 18:18:30+03,33483.85915
2021-06-25 18:19:00+03,33514.2226
2021-06-25 18:19:30+03,33481.11665
2021-06-25 18:20:00+03,33525.33165
2021-06-25 18:20:30+03,33520.95915
2021-06-25 18:21:00+03,33503.145
2021-06-25 18:21:30+03,33499.8577
2021-06-25 18:22:00+03,33512.28
2021-06-25 18:22:30+03,33462.6
2021-06-25 18:23:00+03,33462.65135
2021-06-25 18:23:30+03,33482.9102
2021-06-25 18:24:00+03,33468.885
2021-06-25 18:24:30+03,33525.59475
2021-06-25 18:25:00+03,33520.68
2021-06-25 18:25:30+03,33461.70585
2021-06-25 18:26:00+03,33455.04075
2021-06-25 18:26:30+03,33435.63585
2021-06-25 18:27:00+03,33440.93065
2021-06-25 18:27:30+03,33389.5994
2021-06-25 18:28:00+03,33384.62585
2021-06-25 18:28:30+03,33385
2021-06-25 18:29:00+03,33371.17475
2021-06-25 18:29:30+03,33364.0125
2021-06-25 18:30:00+03,33373.36605
2021-06-25 18:30:30+03,33314.02615
2021-06-25 18:31:00+03,33262.4525
2021-06-25 18:31:30+03,33271.96005
2021-06-25 18:32:00+03,33217.585
2021-06-25 18:32:30+03,33248.59
2021-06-25 18:33:00+03,33250.4288
2021-06-25 18:33:30+03,33244.31085
2021-06-25 18:34:00+03,33261.31405
2021-06-25 18:34:30+03,33274.73225
2021-06-25 18:35:00+03,33255.29915
2021-06-25 18:35:30+03,33268.1726
2021-06-25 18:36:00+03,33267.9
2021-06-25 18:36:30+03,33234.19585
2021-06-25 18:37:00+03,33238.74175
2021-06-25 18:37:30+03,33215.11415
2021-06-25 18:38:00+03,33219.4745
2021-06-25 18:38:30+03,33190.12815
2021-06-25 18:39:00+03,33098.1925
2021-06-25 18:39:30+03,33132.88715
2021-06-25 18:40:00+03,33099.19
2021-06-25 18:40:30+03,33095.20335
2021-06-25 18:41:00+03,33115.51975
2021-06-25 18:41:30+03,33076.31085
2021-06-25 18:42:00+03,33074.50555
2021-06-25 18:42:30+03,33063.35915
2021-06-25 18:43:00+03,33046.9707
2021-06-25 18:43:30+03,33040.405
2021-06-25 18:44:00+03,33086.9984
2021-06-25 18:44:30+03,33148.30545
2021-06-25 18:45:00+03,33104.585
2021-06-25 18:45:30+03,33068.58275
2021-06-25 18:46:00+03,32995.02665
2021-06-25 18:46:30+03,32985.51125
2021-06-25 18:47:00+03,32972.08585
2021-06-25 18:47:30+03,32980.13445
2021-06-25 18:48:00+03,32940.66085
2021-06-25 18:48:30+03,32869.79715
2021-06-25 18:49:00+03,32886.3925
2021-06-25 18:49:30+03,32928.75085
2021-06-25 18:50:00+03,32901.58
2021-06-25 18:50:30+03,32902.20875
2021-06-25 18:51:00+03,32883.42
2021-06-25 18:51:30+03,32837.5675
2021-06-25 18:52:00+03,32878.7983
2021-06-25 18:52:30+03,32871.14665
2021-06-25 18:53:00+03,32940.35625
2021-06-25 18:53:30+03,32929.47085
2021-06-25 18:54:00+03,32953.40585
2021-06-25 18:54:30+03,32940.4675
2021-06-25 18:55:00+03,32977.65215
2021-06-25 18:55:30+03,32952.02165
2021-06-25 18:56:00+03,32949.344
2021-06-25 18:56:30+03,32908.70335
2021-06-25 18:57:00+03,32954.5411
2021-06-25 18:57:30+03,32967.2
2021-06-25 18:58:00+03,33039.17315
2021-06-25 18:58:30+03,33027.5775
2021-06-25 18:59:00+03,33096.4939
2021-06-25 18:59:30+03,33087.87915
2021-06-25 19:00:00+03,33074.1453
2021-06-25 19:00:30+03,33055.94165
2021-06-25 19:01:00+03,33040.34795
2021-06-25 19:01:30+03,32999.94915
2021-06-25 19:02:00+03,33002.5248
2021-06-25 19:02:30+03,32958.3425
2021-06-25 19:03:00+03,32998.7302
2021-06-25 19:03:30+03,33012.99915
2021-06-25 19:04:00+03,33066.7016
2021-06-25 19:04:30+03,33036.12335
2021-06-25 19:05:00+03,33074.27165
2021-06-25 19:05:30+03,33101.7949
2021-06-25 19:06:00+03,33077.57415
2021-06-25 19:06:30+03,33108.2339
2021-06-25 19:07:00+03,33113.31915
2021-06-25 19:07:30+03,33156.55295
2021-06-25 19:08:00+03,33153.01085
2021-06-25 19:08:30+03,33154.24465
2021-06-25 19:09:00+03,33159.02165
2021-06-25 19:09:30+03,33185.0339
2021-06-25 19:10:00+03,33158.76085
2021-06-25 19:10:30+03,33149.2412
2021-06-25 19:11:00+03,33052.36335
2021-06-25 19:11:30+03,33082.07985
2021-06-25 19:12:00+03,33067.96085
2021-06-25 19:12:30+03,33052.21
2021-06-25 19:13:00+03,33015.57175
2021-06-25 19:13:30+03,32943.8575
2021-06-25 19:14:00+03,32927.18035
2021-06-25 19:14:30+03,32928.06665
2021-06-25 19:15:00+03,32840.74905
2021-06-25 19:15:30+03,32754.7
2021-06-25 19:16:00+03,32728.81085
2021-06-25 19:16:30+03,32726.86585
2021-06-25 19:17:00+03,32719.72755
2021-06-25 19:17:30+03,32746.18
2021-06-25 19:18:00+03,32798.847
2021-06-25 19:18:30+03,32785.28085
2021-06-25 19:19:00+03,32873.1882
2021-06-25 19:19:30+03,32845.9175
2021-06-25 19:20:00+03,32821.6614
2021-06-25 19:20:30+03,32838.09085
2021-06-25 19:21:00+03,32915.72835
2021-06-25 19:21:30+03,32959.2371
2021-06-25 19:22:00+03,32945.215
2021-06-25 19:22:30+03,32935.015
2021-06-25 19:23:00+03,32951.90075
2021-06-25 19:23:30+03,32910.83085
2021-06-25 19:24:00+03,32905.29755
2021-06-25 19:24:30+03,32867.3975
2021-06-25 19:25:00+03,32875.44915
2021-06-25 19:25:30+03,32939.55555
2021-06-25 19:26:00+03,32903.29
2021-06-25 19:26:30+03,32863.11555
2021-06-25 19:27:00+03,32840.61915
2021-06-25 19:27:30+03,32883.28655
2021-06-25 19:28:00+03,32891.44585
2021-06-25 19:28:30+03,32915.74785
2021-06-25 19:29:00+03,32886.85415
2021-06-25 19:29:30+03,32878.84215
2021-06-25 19:30:00+03,32872.34335
2021-06-25 19:30:30+03,32916.9433
2021-06-25 19:31:00+03,32941.4725
2021-06-25 19:31:30+03,32994.2461
2021-06-25 19:32:00+03,32959.68415
2021-06-25 19:32:30+03,33017.23555
2021-06-25 19:33:00+03,33034.4
2021-06-25 19:33:30+03,32982.68585
2021-06-25 19:34:00+03,33034.72865
2021-06-25 19:34:30+03,33007.515
2021-06-25 19:35:00+03,33027.06405
2021-06-25 19:35:30+03,32999.1675
2021-06-25 19:36:00+03,33019.1731
2021-06-25 19:36:30+03,33000.7675
2021-06-25 19:37:00+03,32991.49075
2021-06-25 19:37:30+03,32920.0425
2021-06-25 19:38:00+03,32883.5952
2021-06-25 19:38:30+03,32848.12335
2021-06-25 19:39:00+03,32810.6389
2021-06-25 19:39:30+03,32780.57915
2021-06-25 19:40:00+03,32830.94595
2021-06-25 19:40:30+03,32813.24085
2021-06-25 19:41:00+03,32878.70675
2021-06-25 19:41:30+03,32843.6725
2021-06-25 19:42:00+03,32906.68665
2021-06-25 19:42:30+03,32882.4125
2021-06-25 19:43:00+03,32935.46655
2021-06-25 19:43:30+03,32897.5575
2021-06-25 19:44:00+03,32945.262
2021-06-25 19:44:30+03,32923.07335
2021-06-25 19:45:00+03,32952.49525
2021-06-25 19:45:30+03,32931.73415
2021-06-25 19:46:00+03,32914.76665
2021-06-25 19:46:30+03,32918.26415
2021-06-25 19:47:00+03,33019.77775
2021-06-25 19:47:30+03,32997.6925
2021-06-25 19:48:00+03,33014.02085
2021-06-25 19:48:30+03,33024.03085
2021-06-25 19:49:00+03,33066.9731
2021-06-25 19:49:30+03,33036.46585
2021-06-25 19:50:00+03,33080.83095
2021-06-25 19:50:30+03,33081.45665
2021-06-25 19:51:00+03,33070.07015
2021-06-25 19:51:30+03,33070.26
2021-06-25 19:52:00+03,33052.47585
2021-06-25 19:52:30+03,33036.6093
2021-06-25 19:53:00+03,33033.9443
2021-06-25 19:53:30+03,33016.93415
2021-06-25 19:54:00+03,33046.78475
2021-06-25 19:54:30+03,33011.4525
2021-06-25 19:55:00+03,33010.53165
2021-06-25 19:55:30+03,32988.71235
2021-06-25 19:56:00+03,32925.32085
2021-06-25 19:56:30+03,32943.6825
2021-06-25 19:57:00+03,32910.79085
2021-06-25 19:57:30+03,32964.63855
2021-06-25 19:58:00+03,32930.4775
2021-06-25 19:58:30+03,32910.5056
2021-06-25 19:59:00+03,32904.31085
2021-06-25 19:59:30+03,32972.6078
2021-06-25 20:00:00+03,32927.625
2021-06-25 20:00:30+03,32938.2782
2021-06-25 20:01:00+03,33023.82585
2021-06-25 20:01:30+03,33038.5123
2021-06-25 20:02:00+03,33036.08
2021-06-25 20:02:30+03,33035.53085
2021-06-25 20:03:00+03,33146.64005
2021-06-25 20:03:30+03,33145.17165
2021-06-25 20:04:00+03,33226.6926
2021-06-25 20:04:30+03,33227.85415
2021-06-25 20:05:00+03,33259.96505
2021-06-25 20:05:30+03,33223.28
2021-06-25 20:06:00+03,33210.02365
2021-06-25 20:06:30+03,33177.785
2021-06-25 20:07:00+03,33190.3964
2021-06-25 20:07:30+03,33174.61335
2021-06-25 20:08:00+03,33208.4166
2021-06-25 20:08:30+03,33191.79
2021-06-25 20:09:00+03,33252.45555
2021-06-25 20:09:30+03,33286.19165
2021-06-25 20:10:00+03,33333.51845
2021-06-25 20:10:30+03,33315.19085
2021-06-25 20:11:00+03,33328.6188
2021-06-25 20:11:30+03,33300.38335
2021-06-25 20:12:00+03,33342.69215
2021-06-25 20:12:30+03,33330.6025
2021-06-25 20:13:00+03,33348.66545
2021-06-25 20:13:30+03,33313.21165
2021-06-25 20:14:00+03,33368.977
2021-06-25 20:14:30+03,33389.4075
2021-06-25 20:15:00+03,33423.8739
2021-06-25 20:15:30+03,33391.66085
2021-06-25 20:16:00+03,33365.5975
2021-06-25 20:16:30+03,33385.27965
2021-06-25 20:17:00+03,33362.15835
2021-06-25 20:17:30+03,33361.82875
2021-06-25 20:18:00+03,33320.60915
2021-06-25 20:18:30+03,33304.4832
2021-06-25 20:19:00+03,33262.47415
2021-06-25 20:19:30+03,33279.52395
2021-06-25 20:20:00+03,33264.87085
2021-06-25 20:20:30+03,33338.07435
2021-06-25 20:21:00+03,33277.6925
2021-06-25 20:21:30+03,33309.59695
2021-06-25 20:22:00+03,33272.82915
2021-06-25 20:22:30+03,33289.82085
2021-06-25 20:23:00+03,33251.60165
2021-06-25 20:23:30+03,33273.2116
2021-06-25 20:24:00+03,33250.1975
2021-06-25 20:24:30+03,33257.96295
2021-06-25 20:25:00+03,33223.8425
2021-06-25 20:25:30+03,33214.78965
2021-06-25 20:26:00+03,33158.6875
2021-06-25 20:26:30+03,33165.4131
2021-06-25 20:27:00+03,33135.26
2021-06-25 20:27:30+03,33180.8342
2021-06-25 20:28:00+03,33172.95585
2021-06-25 20:28:30+03,33180.22025
2021-06-25 20:29:00+03,33189.66415
2021-06-25 20:29:30+03,33242.34
2021-06-25 20:30:00+03,33262.8623
2021-06-25 20:30:30+03,33211.5275
2021-06-25 20:31:00+03,33194.4997
2021-06-25 20:31:30+03,33129.96835
2021-06-25 20:32:00+03,33135.2189
2021-06-25 20:32:30+03,33097.6175
2021-06-25 20:33:00+03,33106.95885
2021-06-25 20:33:30+03,33076.66415
2021-06-25 20:34:00+03,33155.60675
2021-06-25 20:34:30+03,33147.27915
2021-06-25 20:35:00+03,33207.2517
2021-06-25 20:35:30+03,33158.6175
2021-06-25 20:36:00+03,33134.78975
2021-06-25 20:36:30+03,33106.9
2021-06-25 20:37:00+03,33115.20275
2021-06-25 20:37:30+03,33049.35165
2021-06-25 20:38:00+03,33068.4288
2021-06-25 20:38:30+03,33016.36
2021-06-25 20:39:00+03,32999.5861
2021-06-25 20:39:30+03,32940.73885
2021-06-25 20:40:00+03,32923.27415
2021-06-25 20:40:30+03,32863.8694
2021-06-25 20:41:00+03,32843.36585
2021-06-25 20:41:30+03,32850.3752
2021-06-25 20:42:00+03,32829.66085
2021-06-25 20:42:30+03,32856.66915
2021-06-25 20:43:00+03,32808.23585
2021-06-25 20:43:30+03,32756.1971
2021-06-25 20:44:00+03,32697.88915
2021-06-25 20:44:30+03,32740.35155
2021-06-25 20:45:00+03,32696.60335
2021-06-25 20:45:30+03,32594.3
2021-06-25 20:46:00+03,32630.92565
2021-06-25 20:46:30+03,32693.97085
2021-06-25 20:47:00+03,32682.43835
2021-06-25 20:47:30+03,32759.6324
2021-06-25 20:48:00+03,32781.35915
2021-06-25 20:48:30+03,32833.35105
2021-06-25 20:49:00+03,32802.68165
2021-06-25 20:49:30+03,32860.0575
2021-06-25 20:50:00+03,32865.55915
2021-06-25 20:50:30+03,32904.84185
2021-06-25 20:51:00+03,32867.70915
2021-06-25 20:51:30+03,32879.653
2021-06-25 20:52:00+03,32815.49665
2021-06-25 20:52:30+03,32817.811
2021-06-25 20:53:00+03,32769.45085
2021-06-25 20:53:30+03,32809.05615
2021-06-25 20:54:00+03,32774.47585
2021-06-25 20:54:30+03,32836.0858
2021-06-25 20:55:00+03,32809.41415
2021-06-25 20:55:30+03,32796.05945
2021-06-25 20:56:00+03,32774.45415
2021-06-25 20:56:30+03,32833.9938
2021-06-25 20:57:00+03,32824.65335
2021-06-25 20:57:30+03,32852.42395
2021-06-25 20:58:00+03,32811.49
2021-06-25 20:58:30+03,32838.8596
2021-06-25 20:59:00+03,32829.38
2021-06-25 20:59:30+03,32801.2125
2021-06-25 21:00:00+03,32821.52475
2021-06-25 21:00:30+03,32812.35165
2021-06-25 21:01:00+03,32877.9895
2021-06-25 21:01:30+03,32795.855
2021-06-25 21:02:00+03,32824.2909
2021-06-25 21:02:30+03,32770.52335
2021-06-25 21:03:00+03,32712.9037
2021-06-25 21:03:30+03,32647.64415
2021-06-25 21:04:00+03,32626.94145
2021-06-25 21:04:30+03,32548.59915
2021-06-25 21:05:00+03,32575.4491
2021-06-25 21:05:30+03,32544.1125
2021-06-25 21:06:00+03,32676.9937
2021-06-25 21:06:30+03,32622.655
2021-06-25 21:07:00+03,32668.4016
2021-06-25 21:07:30+03,32595.37085
2021-06-25 21:08:00+03,32556.93665
2021-06-25 21:08:30+03,32499.0375
2021-06-25 21:09:00+03,32538.91305
2021-06-25 21:09:30+03,32463.30165
2021-06-25 21:10:00+03,32454.45295
2021-06-25 21:10:30+03,32409.24585
2021-06-25 21:11:00+03,32456.8202
2021-06-25 21:11:30+03,32448.88415
2021-06-25 21:12:00+03,32469.58085
2021-06-25 21:12:30+03,32498.1516
2021-06-25 21:13:00+03,32503.3866
2021-06-25 21:13:30+03,32495.08665
2021-06-25 21:14:00+03,32548.00085
2021-06-25 21:14:30+03,32550.67385
2021-06-25 21:15:00+03,32543.42165
2021-06-25 21:15:30+03,32579.412
2021-06-25 21:16:00+03,32611.72
2021-06-25 21:16:30+03,32625.66085
2021-06-25 21:17:00+03,32556.74165
2021-06-25 21:17:30+03,32557.65355
2021-06-25 21:18:00+03,32518.22585
2021-06-25 21:18:30+03,32584.5405
2021-06-25 21:19:00+03,32586.77835
2021-06-25 21:19:30+03,32649.17645
2021-06-25 21:20:00+03,32655.42
2021-06-25 21:20:30+03,32664.05
2021-06-25 21:21:00+03,32653.61505
2021-06-25 21:21:30+03,32684.99835
2021-06-25 21:22:00+03,32736.3939
2021-06-25 21:22:30+03,32725.29165
2021-06-25 21:23:00+03,32743.71885
2021-06-25 21:23:30+03,32719.79335
2021-06-25 21:24:00+03,32703.959
2021-06-25 21:24:30+03,32685.055
2021-06-25 21:25:00+03,32704.43905
2021-06-25 21:25:30+03,32677.35335
2021-06-25 21:26:00+03,32711.22255
2021-06-25 21:26:30+03,32675.7875
2021-06-25 21:27:00+03,32696.3935
2021-06-25 21:27:30+03,32690.15165
2021-06-25 21:28:00+03,32747.49805
2021-06-25 21:28:30+03,32727.37585
2021-06-25 21:29:00+03,32698.1862
2021-06-25 21:29:30+03,32695.94585
2021-06-25 21:30:00+03,32719.16965
2021-06-25 21:30:30+03,32709.89165
2021-06-25 21:31:00+03,32815.9902
2021-06-25 21:31:30+03,32778.85165
2021-06-25 21:32:00+03,32783.9892
2021-06-25 21:32:30+03,32777.44
2021-06-25 21:33:00+03,32793.10565
2021-06-25 21:33:30+03,32801.1075
2021-06-25 21:34:00+03,32813.17215
2021-06-25 21:34:30+03,32771.94915
2021-06-25 21:35:00+03,32711.7119
2021-06-25 21:35:30+03,32672.82
2021-06-25 21:36:00+03,32744.0345
2021-06-25 21:36:30+03,32809.22335
2021-06-25 21:37:00+03,32898.21695
2021-06-25 21:37:30+03,32903.9025
2021-06-25 21:38:00+03,32875.28445
2021-06-25 21:38:30+03,32854.67915
2021-06-25 21:39:00+03,32848.64915
2021-06-25 21:39:30+03,32877.34695
2021-06-25 21:40:00+03,32855.79835
2021-06-25 21:40:30+03,32853.70835
2021-06-25 21:41:00+03,32837.56235
2021-06-25 21:41:30+03,32802.56585
2021-06-25 21:42:00+03,32813.76675
2021-06-25 21:42:30+03,32802.08
2021-06-25 21:43:00+03,32836.81835
2021-06-25 21:43:30+03,32883.4322
2021-06-25 21:44:00+03,32888.39085
2021-06-25 21:44:30+03,32934.3111
2021-06-25 21:45:00+03,32921.22
2021-06-25 21:45:30+03,32894.65585
2021-06-25 21:46:00+03,32886.90785
2021-06-25 21:46:30+03,32910.06835
2021-06-25 21:47:00+03,32930.10485
2021-06-25 21:47:30+03,32907.04665
2021-06-25 21:48:00+03,32884.0999
2021-06-25 21:48:30+03,32858.2425
2021-06-25 21:49:00+03,32867.94825
2021-06-25 21:49:30+03,32846.0975
2021-06-25 21:50:00+03,32869.96
2021-06-25 21:50:30+03,32846.03335
2021-06-25 21:51:00+03,32805.75235
2021-06-25 21:51:30+03,32762.82665
2021-06-25 21:52:00+03,32803.03715
2021-06-25 21:52:30+03,32806.68335
2021-06-25 21:53:00+03,32745.355
2021-06-25 21:53:30+03,32762.277
2021-06-25 21:54:00+03,32734.10835
2021-06-25 21:54:30+03,32700.07335
2021-06-25 21:55:00+03,32709.5269
2021-06-25 21:55:30+03,32693.3825
2021-06-25 21:56:00+03,32675.08165
2021-06-25 21:56:30+03,32651.70225
2021-06-25 21:57:00+03,32586.78415
2021-06-25 21:57:30+03,32572.66165
2021-06-25 21:58:00+03,32539.87665
2021-06-25 21:58:30+03,32555.84785
2021-06-25 21:59:00+03,32555.0475
2021-06-25 21:59:30+03,32594.6093
2021-06-25 22:00:00+03,32567.61915
2021-06-25 22:00:30+03,32565.59835
2021-06-25 22:01:00+03,32559.16
2021-06-25 22:01:30+03,32575.1275
2021-06-25 22:02:00+03,32545.05
2021-06-25 22:02:30+03,32623.27255
2021-06-25 22:03:00+03,32632.72415
2021-06-25 22:03:30+03,32701.18275
2021-06-25 22:04:00+03,32719.29165
2021-06-25 22:04:30+03,32759.56565
2021-06-25 22:05:00+03,32772.78915
2021-06-25 22:05:30+03,32793.30045
2021-06-25 22:06:00+03,32730.77
2021-06-25 22:06:30+03,32768.56365
2021-06-25 22:07:00+03,32737.50415
2021-06-25 22:07:30+03,32747.6795
2021-06-25 22:08:00+03,32724.14415
2021-06-25 22:08:30+03,32753.93375
2021-06-25 22:09:00+03,32716.41835
2021-06-25 22:09:30+03,32756.50455
2021-06-25 22:10:00+03,32748.43
2021-06-25 22:10:30+03,32828.8541
2021-06-25 22:11:00+03,32831.32665
2021-06-25 22:11:30+03,32835.42815
2021-06-25 22:12:00+03,32813.88
2021-06-25 22:12:30+03,32826.955
2021-06-25 22:13:00+03,32833.95285
2021-06-25 22:13:30+03,32806.60165
2021-06-25 22:14:00+03,32763.65335
2021-06-25 22:14:30+03,32732.06665
2021-06-25 22:15:00+03,32717.24725
2021-06-25 22:15:30+03,32680.02665
2021-06-25 22:16:00+03,32677.969
2021-06-25 22:16:30+03,32618.25
2021-06-25 22:17:00+03,32602.02865
2021-06-25 22:17:30+03,32590.815
2021-06-25 22:18:00+03,32640.93705
2021-06-25 22:18:30+03,32624.6825
2021-06-25 22:19:00+03,32626.4195
2021-06-25 22:19:30+03,32602.71585
2021-06-25 22:20:00+03,32638.933
2021-06-25 22:20:30+03,32605.73665
2021-06-25 22:21:00+03,32623.81325
2021-06-25 22:21:30+03,32508.455
2021-06-25 22:22:00+03,32452.25985
2021-06-25 22:22:30+03,32332.195
2021-06-25 22:23:00+03,32271.4124
2021-06-25 22:23:30+03,32285.56165
2021-06-25 22:24:00+03,32243.58565
2021-06-25 22:24:30+03,32223.45335
2021-06-25 22:25:00+03,32234.22415
2021-06-25 22:25:30+03,32295.2896
2021-06-25 22:26:00+03,32269.7575
2021-06-25 22:26:30+03,32246.4625
2021-06-25 22:27:00+03,32192.835
2021-06-25 22:27:30+03,32116.60195
2021-06-25 22:28:00+03,32053.91165
2021-06-25 22:28:30+03,32031.1742
2021-06-25 22:29:00+03,31957.34835
2021-06-25 22:29:30+03,31974.19905
2021-06-25 22:30:00+03,31947.76085
2021-06-25 22:30:30+03,31988.08895
2021-06-25 22:31:00+03,31976.155
2021-06-25 22:31:30+03,31970.8089
2021-06-25 22:32:00+03,31976.40665
2021-06-25 22:32:30+03,32024.2159
2021-06-25 22:33:00+03,32029.8875
2021-06-25 22:33:30+03,32075.31015
2021-06-25 22:34:00+03,32048.3775
2021-06-25 22:34:30+03,32062.6699
2021-06-25 22:35:00+03,32065.38585
2021-06-25 22:35:30+03,32132.8578
2021-06-25 22:36:00+03,32141.49915
2021-06-25 22:36:30+03,32178.35
2021-06-25 22:37:00+03,32157.09035
2021-06-25 22:37:30+03,32048.33585
2021-06-25 22:38:00+03,32024.10645
2021-06-25 22:38:30+03,31953.11665
2021-06-25 22:39:00+03,31741.73955
2021-06-25 22:39:30+03,31705.36085
2021-06-25 22:40:00+03,31789.10435
2021-06-25 22:40:30+03,31827.6525
2021-06-25 22:41:00+03,31782.321
2021-06-25 22:41:30+03,31813.70415
2021-06-25 22:42:00+03,31858.36695
2021-06-25 22:42:30+03,31896.8025
2021-06-25 22:43:00+03,31882.16035
2021-06-25 22:43:30+03,31889.41165
2021-06-25 22:44:00+03,31983.62
2021-06-25 22:44:30+03,31982.06915
2021-06-25 22:45:00+03,32008.1372
2021-06-25 22:45:30+03,32016.08585
2021-06-25 22:46:00+03,32065.915
2021-06-25 22:46:30+03,32026.52565
2021-06-25 22:47:00+03,31972.495
2021-06-25 22:47:30+03,31981.02
2021-06-25 22:48:00+03,32043.5277
2021-06-25 22:48:30+03,32030.72085
2021-06-25 22:49:00+03,31998.07335
2021-06-25 22:49:30+03,31985.8025
2021-06-25 22:50:00+03,31930.7075
2021-06-25 22:50:30+03,31905.92135
2021-06-25 22:51:00+03,31919.725
2021-06-25 22:51:30+03,31976.2993
2021-06-25 22:52:00+03,31973.56165
2021-06-25 22:52:30+03,31980.55135
2021-06-25 22:53:00+03,31959.8225
2021-06-25 22:53:30+03,31940.46
2021-06-25 22:54:00+03,31876.39835
2021-06-25 22:54:30+03,31818.55665
2021-06-25 22:55:00+03,31873.9899
2021-06-25 22:55:30+03,31860.79335
2021-06-25 22:56:00+03,31967.4387
2021-06-25 22:56:30+03,31962.25415
2021-06-25 22:57:00+03,31959.5317
2021-06-25 22:57:30+03,31901.25835
2021-06-25 22:58:00+03,31937.4697
2021-06-25 22:58:30+03,31927.04335
2021-06-25 22:59:00+03,31986.43525
2021-06-25 22:59:30+03,31957.59915
2021-06-25 23:00:00+03,31943.7179
2021-06-25 23:00:30+03,31887.44165
2021-06-25 23:01:00+03,31954.50805
2021-06-25 23:01:30+03,31980.05835
2021-06-25 23:02:00+03,31990.2792
2021-06-25 23:02:30+03,32030.29665
2021-06-25 23:03:00+03,32067.26935
2021-06-25 23:03:30+03,32071.24585
2021-06-25 23:04:00+03,32103.7784
2021-06-25 23:04:30+03,32086.45165
2021-06-25 23:05:00+03,32100.59675
2021-06-25 23:05:30+03,32096.29665
2021-06-25 23:06:00+03,32122.23535
2021-06-25 23:06:30+03,32139.65165
2021-06-25 23:07:00+03,32091.67075
2021-06-25 23:07:30+03,32052.77335
2021-06-25 23:08:00+03,32061.54895
2021-06-25 23:08:30+03,32084.75835
2021-06-25 23:09:00+03,32065.109
2021-06-25 23:09:30+03,31982.76915
2021-06-25 23:10:00+03,32013.89935
2021-06-25 23:10:30+03,32035.2875
2021-06-25 23:11:00+03,32053.05445
2021-06-25 23:11:30+03,31982.20415
2021-06-25 23:12:00+03,31991.27335
2021-06-25 23:12:30+03,32066.40795
2021-06-25 23:13:00+03,32070.1475
2021-06-25 23:13:30+03,32085.3337
2021-06-25 23:14:00+03,32095.2475
2021-06-25 23:14:30+03,32114.13275
2021-06-25 23:15:00+03,32113.3175
2021-06-25 23:15:30+03,32063.52995
2021-06-25 23:16:00+03,32053.77665
2021-06-25 23:16:30+03,32149.5935
2021-06-25 23:17:00+03,32158.075
2021-06-25 23:17:30+03,32164.9873
2021-06-25 23:18:00+03,32144.6825
2021-06-25 23:18:30+03,32182.87005
2021-06-25 23:19:00+03,32175.06915
2021-06-25 23:19:30+03,32158.41565
2021-06-25 23:20:00+03,32101.905
2021-06-25 23:20:30+03,32110.38445
2021-06-25 23:21:00+03,32084.13
2021-06-25 23:21:30+03,32092.405
2021-06-25 23:22:00+03,32115.07775
2021-06-25 23:22:30+03,32096.14085
2021-06-25 23:23:00+03,32052.29775
2021-06-25 23:23:30+03,31994.64
2021-06-25 23:24:00+03,31961.55775
2021-06-25 23:24:30+03,31921.53835
2021-06-25 23:25:00+03,31887.5186
2021-06-25 23:25:30+03,31926.965
2021-06-25 23:26:00+03,32040.89465
2021-06-25 23:26:30+03,32001.9325
2021-06-25 23:27:00+03,31955.11755
2021-06-25 23:27:30+03,31942.29665
2021-06-25 23:28:00+03,31911.60475
2021-06-25 23:28:30+03,31911.83335
2021-06-25 23:29:00+03,31942.0781
2021-06-25 23:29:30+03,31942.495
2021-06-25 23:30:00+03,31963.2695
2021-06-25 23:30:30+03,31973.36165
2021-06-25 23:31:00+03,31923.9325
2021-06-25 23:31:30+03,31898.4426
2021-06-25 23:32:00+03,31866.2476
2021-06-25 23:32:30+03,31854.81585
2021-06-25 23:33:00+03,31886.7193
2021-06-25 23:33:30+03,31834.26665
2021-06-25 23:34:00+03,31850.50455
2021-06-25 23:34:30+03,31866.53665
2021-06-25 23:35:00+03,31952.37355
2021-06-25 23:35:30+03,31944.91195
2021-06-25 23:36:00+03,31883.98085
2021-06-25 23:36:30+03,31876.8067
2021-06-25 23:37:00+03,31892.60165
2021-06-25 23:37:30+03,31888.47995
2021-06-25 23:38:00+03,31833.16085
2021-06-25 23:38:30+03,31833.0054
2021-06-25 23:39:00+03,31789.01415
2021-06-25 23:39:30+03,31823.5344
2021-06-25 23:40:00+03,31803.72085
2021-06-25 23:40:30+03,31826.59045
2021-06-25 23:41:00+03,31822.84915
2021-06-25 23:41:30+03,31809.02195
2021-06-25 23:42:00+03,31762.95165
2021-06-25 23:42:30+03,31714.67465
2021-06-25 23:43:00+03,31710.98
2021-06-25 23:43:30+03,31710.5138
2021-06-25 23:44:00+03,31607.20085
2021-06-25 23:44:30+03,31578.85245
2021-06-25 23:45:00+03,31526.37915
2021-06-25 23:45:30+03,31599.2055
2021-06-25 23:46:00+03,31586.50835
2021-06-25 23:46:30+03,31662.92155
2021-06-25 23:47:00+03,31657.7375
2021-06-25 23:47:30+03,31659.03335
2021-06-25 23:48:00+03,31688.10665
2021-06-25 23:48:30+03,31688.52835
2021-06-25 23:49:00+03,31675.93665
2021-06-25 23:49:30+03,31732.4381
2021-06-25 23:50:00+03,31740.63
2021-06-25 23:50:30+03,31761.6825
2021-06-25 23:51:00+03,31773.9965
2021-06-25 23:51:30+03,31708.96915
2021-06-25 23:52:00+03,31700.35595
2021-06-25 23:52:30+03,31700.3275
2021-06-25 23:53:00+03,31835.10325
2021-06-25 23:53:30+03,31816.99915
2021-06-25 23:54:00+03,31814.69915
2021-06-25 23:54:30+03,31816.36585
2021-06-25 23:55:00+03,31821.1502
2021-06-25 23:55:30+03,31797.79415
2021-06-25 23:56:00+03,31828.6738
2021-06-25 23:56:30+03,31819.03915
2021-06-25 23:57:00+03,31822.2354
2021-06-25 23:57:30+03,31827.505
2021-06-25 23:58:00+03,31817.50265
2021-06-25 23:58:30+03,31759.60335
2021-06-25 23:59:00+03,31713.54955
2021-06-25 23:59:30+03,31692.37585